county_id,ba,nercregion
1,p102,FRCC
2,p87,MISS
3,p40,SPPN
4,p88,SRCE
5,p5,NWPP
6,p10,CASO
7,p100,PJMW
8,p85,MISS
9,p62,TRE
10,p114,PJMW
11,p25,BASN
12,p18,NWPP
13,p92,SRCE
14,p16,BASN
15,p79,MISW
16,p116,PJMW
17,p98,SRCA
18,p86,MISS
19,p80,PJMC
20,p50,SPPS
21,p92,SRCE
22,p70,MISW
23,p3,NWPP
24,p38,SPPN
25,p112,PJMW
26,p118,PJMW
27,p42,MISW
28,p86,MISS
29,p87,MISS
30,p92,SRCE
31,p40,SPPN
32,p65,TRE
33,p93,SRCE
34,p117,PJMW
35,p98,SRCA
36,p5,NWPP
37,p15,BASN
38,p78,MISW
39,p25,BASN
40,p98,PJMD
41,p86,MISS
42,p100,PJMW
43,p46,MISW
44,p5,NWPP
45,p103,MISE
46,p116,PJMW
47,p109,SRCE
48,p40,SPPN
49,p64,TRE
50,p112,PJMW
51,p101,FRCC
52,p45,SPPN
53,p81,MISC
54,p66,TRE
55,p63,TRE
56,p99,PJMD
57,p81,MISC
58,p116,PJMW
59,p97,SRCA
60,p53,SPPC
61,p126,PJME
62,p127,NYUP
63,p127,NYUP
64,p110,PJMW
65,p85,MISS
66,p109,SRCE
67,p107,MISC
68,p38,SPPN
69,p129,ISNE
70,p40,SPPN
71,p31,SRSG
72,p99,PJMD
73,p66,MISS
74,p22,RMRG
75,p94,SRSE
76,p129,ISNE
77,p53,SPPC
78,p53,SPPC
79,p63,TRE
80,p84,MISC
81,p50,SPPS
82,p15,BASN
83,p57,SPPS
84,p123,PJME
85,p97,SRCA
86,p31,SRSG
87,p52,SPPC
88,p94,SRSE
89,p9,CANO
90,p109,SRCE
91,p126,PJME
92,p99,PJMD
93,p92,SRCE
94,p94,SRSE
95,p85,MISS
96,p95,SRCA
97,p45,MISW
98,p119,PJME
99,p57,SPPS
100,p74,MISW
101,p54,SPPC
102,p40,SPPN
103,p93,SRCE
104,p48,SPPS
105,p62,TRE
106,p103,MISE
107,p63,TRE
108,p99,PJMD
109,p100,PJMW
110,p45,SPPN
111,p83,MISC
112,p87,MISS
113,p84,MISC
114,p80,PJMC
115,p2,NWPP
116,p48,SPPS
117,p33,RMRG
118,p109,SRCE
119,p40,SPPN
120,p85,MISS
121,p105,PJMW
122,p67,TRE
123,p27,SRSG
124,p52,SPPC
125,p24,RMRG
126,p99,PJMD
127,p38,SPPN
128,p134,ISNE
129,p90,SRSE
130,p99,PJMD
131,p34,RMRG
132,p92,SRCE
133,p34,RMRG
134,p53,SPPC
135,p122,PJMW
137,p123,PJME
138,p64,MISS
139,p87,SRSE
140,p96,SRCA
141,p130,ISNE
142,p50,SPPS
143,p78,MISW
144,p131,ISNE
145,p134,ISNE
146,p111,PJMW
147,p122,PJME
148,p92,SRCE
149,p70,MISW
150,p18,NWPP
151,p85,MISS
152,p94,SRSE
153,p109,SRCE
154,p70,MISW
155,p112,PJMW
156,p105,MISC
157,p90,SRSE
158,p73,MISC
159,p83,MISC
160,p37,SPPN
161,p63,TRE
162,p101,FRCC
163,p101,FRCC
164,p66,MISS
165,p98,SRCA
166,p37,SPPN
167,p9,CANO
168,p44,MISW
169,p40,SPPN
170,p94,SRSE
171,p98,SRCA
172,p87,SRSE
173,p81,MISC
174,p112,PJMW
175,p92,SRCE
176,p87,MISS
177,p17,NWPP
178,p103,MISE
179,p55,SPPC
180,p3,NWPP
181,p64,TRE
182,p53,SPPC
183,p72,MISC
184,p12,BASN
185,p34,RMRG
186,p34,RMRG
187,p101,FRCC
188,p17,NWPP
189,p92,SRCE
190,p18,NWPP
191,p33,RMRG
192,p112,PJMW
193,p65,TRE
194,p98,PJMD
195,p109,SRCE
196,p40,SPPN
197,p53,SPPC
198,p5,NWPP
199,p9,CANO
200,p1,NWPP
201,p46,MISW
202,p131,ISNE
203,p61,TRE
204,p98,SRCA
205,p116,PJMW
206,p96,SRCA
207,p12,BASN
208,p14,NWPP
209,p96,SRCA
210,p81,MISC
211,p58,MISS
212,p130,ISNE
213,p122,PJME
214,p123,PJME
215,p97,SRCA
216,p80,PJMC
217,p103,MISW
218,p132,ISNE
219,p95,SRCA
220,p89,SRCE
221,p51,SPPS
222,p40,SPPN
223,p45,SPPN
224,p85,MISS
225,p38,SPPN
226,p38,SPPN
227,p82,MISC
228,p87,SRSE
229,p85,MISS
230,p87,SRSE
231,p81,PJMC
232,p63,TRE
233,p45,MISW
234,p104,PJMW
235,p83,MISC
236,p33,RMRG
237,p122,PJME
238,p50,SPPS
239,p123,PJME
241,p92,SRCE
242,p99,PJMD
243,p93,SRCE
244,p134,ISNE
245,p28,SRSG
246,p99,PJMD
247,p72,MISC
248,p72,MISC
249,p85,SPPS
250,p90,SRSE
251,p11,CASO
252,p38,SPPN
253,p40,SPPN
254,p36,SPPN
255,p92,SRCE
256,p4,NWPP
257,p5,NWPP
258,p64,TRE
259,p45,MISW
260,p45,SPPN
261,p65,TRE
262,p109,SRCE
263,p1,NWPP
264,p50,SPPS
265,p12,BASN
266,p127,NYCW
267,p116,PJMW
268,p50,SPPS
269,p131,ISNE
270,p130,ISNE
271,p67,TRE
272,p57,TRE
273,p57,SPPS
274,p94,SRSE
275,p55,SPPC
276,p9,CANO
277,p5,NWPP
278,p94,SRSE
279,p28,SRSG
280,p41,SPPN
281,p92,SRCE
282,p76,MISW
283,p74,MISW
284,p65,TRE
285,p10,CASO
286,p38,SPPN
287,p103,MISE
288,p128,NYCW
289,p51,SPPS
290,p127,NYUP
291,p117,PJMW
292,p98,PJMD
293,p79,MISW
294,p37,MISW
295,p86,MISS
296,p38,SPPN
297,p94,SRSE
298,p84,MISC
299,p94,SRSE
301,p17,NWPP
302,p43,MISW
303,p94,SRSE
304,p73,MISC
305,p45,MISW
306,p103,MISE
307,p40,SPPN
308,p37,SPPN
309,p112,PJMW
310,p43,SPPN
311,p112,PJMW
312,p99,PJMD
313,p107,MISC
314,p122,PJME
315,p58,SPPS
316,p105,PJMW
317,p51,SPPS
318,p46,MISW
319,p83,MISC
320,p88,MISS
321,p55,SPPC
322,p36,SPPN
323,p32,RMRG
324,p103,MISE
325,p37,SPPN
326,p74,MISW
327,p89,SRSE
328,p50,SPPS
329,p65,TRE
330,p76,MISW
331,p113,PJMW
332,p18,NWPP
333,p15,BASN
334,p107,MISC
335,p94,SRSE
336,p43,SPPN
337,p50,SPPS
338,p109,SRCE
339,p92,SRCE
340,p83,MISC
341,p105,PJMW
342,p44,SPPN
343,p15,NWPP
344,p80,PJMC
345,p48,SPPS
346,p64,TRE
347,p45,MISW
348,p94,SRSE
349,p58,SPPS
350,p80,MISW
351,p65,TRE
352,p94,SRSE
353,p69,MISW
354,p90,SRSE
355,p21,BASN
356,p48,SPPS
357,p64,TRE
358,p24,BASN
359,p25,BASN
360,p98,SRCA
361,p92,SRCE
362,p43,MISW
363,p105,MISC
364,p118,PJMW
365,p89,SRSE
367,p43,MISW
368,p55,SPPC
369,p105,MISC
370,p126,PJME
371,p45,SPPN
372,p52,SPPC
373,p93,SRCE
374,p66,TRE
375,p62,TRE
376,p122,PJME
377,p42,MISW
378,p43,MISW
379,p31,SRSG
380,p73,MISC
381,p71,MISC
382,p105,PJMW
383,p40,SPPN
384,p66,MISS
385,p93,SRCE
386,p90,SRSE
387,p105,MISC
388,p79,MISW
389,p36,SPPN
390,p94,SRSE
391,p103,MISE
392,p61,TRE
393,p95,SRCA
394,p131,ISNE
395,p89,SRCE
396,p65,TRE
397,p72,MISC
398,p97,SRCA
399,p85,SPPS
400,p53,SPPC
401,p91,SRSE
402,p25,BASN
403,p88,SRCE
404,p97,SRCA
405,p97,SRCA
406,p43,MISW
407,p112,PJMW
408,p48,SPPS
409,p101,FRCC
410,p123,PJMW
411,p42,MISW
412,p94,SRCE
413,p103,MISE
414,p68,MISW
415,p70,MISW
416,p101,FRCC
417,p34,RMRG
418,p109,SRCE
419,p19,MISW
420,p46,MISW
421,p45,MISW
422,p111,PJMW
423,p122,PJME
424,p111,PJMW
425,p122,PJME
426,p104,PJMW
427,p43,MISW
428,p98,SRCA
429,p53,SPPC
430,p63,TRE
431,p90,SRSE
432,p44,MISW
433,p88,SRCE
434,p84,MISC
435,p116,PJMW
436,p107,MISC
437,p129,ISNE
438,p53,SPPC
439,p92,SRCE
440,p48,SPPS
441,p112,PJMW
442,p92,SRCE
443,p46,MISW
444,p56,SPPS
445,p116,PJMW
446,p70,MISW
447,p72,MISC
448,p106,MISC
449,p55,SPPC
450,p40,SPPN
451,p99,PJMD
452,p6,NWPP
453,p53,SPPC
454,p109,SRCE
455,p76,MISW
456,p99,PJMD
457,p41,SPPN
458,p2,NWPP
459,p70,MISW
460,p7,NWPP
461,p61,TRE
462,p96,SRCA
463,p118,PJMW
464,p40,SPPN
465,p94,SRSE
466,p105,PJMW
467,p124,PJME
468,p31,SRSG
469,p107,MISC
470,p72,MISC
471,p40,SPPN
472,p89,SRSE
473,p61,TRE
474,p46,MISW
475,p52,SPPC
476,p107,MISC
477,p88,SRCE
478,p99,PJMD
479,p131,ISNE
480,p48,SPPS
481,p92,SRCE
482,p17,NWPP
483,p93,SRCE
484,p33,RMRG
485,p92,SRCE
486,p1,NWPP
487,p85,MISS
488,p75,MISW
489,p85,MISS
490,p70,MISW
491,p99,PJMD
492,p88,SRSE
493,p68,MISW
494,p43,MISW
495,p34,RMRG
496,p116,PJMW
497,p53,SPPC
498,p80,PJMC
499,p98,SRCA
500,p42,MISW
501,p83,MISC
503,p66,TRE
504,p40,SPPN
505,p111,PJMW
506,p53,SPPC
507,p15,BASN
508,p101,FRCC
509,p94,SRSE
510,p94,SRSE
511,p60,TRE
512,p43,MISW
513,p58,SPPS
514,p58,MISS
515,p85,MISS
516,p91,SRSE
517,p60,TRE
518,p96,SRCA
519,p99,PJMD
520,p46,MISW
521,p98,PJMD
522,p53,SPPC
523,p18,NWPP
524,p81,MISC
525,p81,MISC
526,p53,SPPC
527,p83,MISC
528,p99,PJMD
529,p35,SPPN
530,p15,BASN
531,p92,SRCE
532,p112,PJMW
533,p101,FRCC
534,p39,RMRG
535,p60,TRE
536,p48,SPPS
537,p48,SPPS
538,p127,NYUP
539,p48,SPPS
540,p55,SPPC
541,p26,BASN
542,p25,BASN
543,p81,MISC
544,p21,BASN
545,p97,SRCA
546,p127,NYUP
547,p125,PJME
548,p87,MISS
549,p93,SRCE
550,p80,PJMC
551,p116,PJMW
552,p107,MISC
553,p109,PJMW
554,p70,MISW
555,p96,SRCA
556,p99,PJMD
557,p109,SRCE
558,p100,PJMW
559,p92,SRCE
560,p89,SRCE
561,p110,SRCE
562,p70,MISW
563,p127,NYUP
564,p81,MISC
565,p91,SRSE
566,p63,TRE
567,p93,SRCE
568,p81,MISC
569,p107,MISC
570,p97,SRCA
571,p94,SRSE
572,p107,MISC
573,p45,SPPN
574,p65,TRE
575,p28,SRSG
576,p64,TRE
577,p90,SRSE
578,p33,RMRG
579,p112,PJMW
580,p105,PJMW
581,p87,MISS
582,p102,FRCC
583,p108,SRCE
584,p9,CANO
585,p63,TRE
586,p112,PJMW
587,p9,CANO
588,p41,SPPN
589,p5,NWPP
590,p77,MISW
591,p107,MISC
592,p116,PJMW
593,p84,MISC
594,p53,SPPC
595,p116,PJMW
596,p113,PJMW
597,p19,NWPP
598,p120,PJMW
599,p33,RMRG
600,p16,BASN
601,p122,PJME
602,p112,PJMW
603,p94,SRSE
604,p34,RMRG
605,p81,MISC
606,p3,NWPP
607,p101,FRCC
608,p40,SPPN
609,p2,NWPP
610,p37,SPPN
611,p94,SRSE
612,p103,MISE
613,p54,SPPC
614,p64,TRE
615,p92,SRCE
616,p132,ISNE
617,p60,TRE
618,p42,MISW
619,p109,SRCE
620,p108,SRCE
621,p17,NWPP
622,p45,SPPN
623,p46,MISW
624,p3,NWPP
625,p122,PJME
626,p94,SRSE
627,p96,SRCA
628,p92,SRCE
629,p33,RMRG
630,p61,TRE
631,p89,SRSE
632,p60,TRE
633,p61,TRE
634,p94,SRSE
635,p114,PJMW
636,p31,SRSG
637,p92,SRCE
638,p109,SRCE
639,p38,SPPN
640,p38,SPPN
641,p127,NYUP
643,p108,SRCE
644,p105,MISC
645,p45,SPPN
646,p48,SPPS
647,p50,SPPS
648,p94,SRSE
649,p38,SPPN
650,p103,MISE
651,p66,MISS
652,p60,TRE
653,p36,SPPN
654,p99,PJMD
655,p38,SPPN
656,p127,NYUP
657,p65,TRE
658,p89,SRSE
659,p40,SPPN
660,p126,PJME
661,p83,MISC
662,p50,SPPS
663,p42,MISW
664,p50,SPPS
665,p93,SRCE
666,p18,NWPP
667,p50,SPPS
668,p103,MISE
669,p72,MISC
670,p53,SPPC
671,p94,SRSE
672,p92,SRCE
673,p72,MISC
674,p76,MISW
675,p94,SRSE
676,p54,SPPC
677,p117,PJMW
678,p134,ISNE
679,p58,MISS
680,p33,RMRG
681,p58,MISS
682,p43,MISW
683,p38,SPPN
684,p94,SRSE
685,p34,RMRG
686,p60,TRE
687,p63,TRE
688,p127,NYUP
689,p107,MISC
690,p40,SPPN
691,p5,NWPP
692,p87,MISS
693,p103,MISE
694,p94,SRSE
695,p118,PJMD
697,p34,RMRG
698,p89,SRSE
699,p70,MISW
700,p36,SPPN
701,p90,SRSE
702,p37,SPPN
703,p109,SRCE
704,p87,SRSE
705,p58,SPPS
706,p56,SPPS
707,p85,MISS
708,p94,SRSE
709,p96,SRCA
710,p101,FRCC
711,p90,SRSE
712,p21,BASN
713,p96,SRCA
714,p111,PJMW
715,p33,RMRG
716,p64,TRE
717,p94,SRSE
718,p74,MISW
719,p44,SPPN
720,p64,TRE
721,p50,SPPS
722,p53,SPPC
723,p92,SRCE
724,p96,SRCA
725,p70,MISW
726,p87,SRSE
727,p36,SPPN
728,p109,SRCE
729,p30,SRSG
730,p15,BASN
731,p28,SRSG
732,p99,PJMD
733,p38,SPPN
734,p63,TRE
735,p73,MISC
736,p67,TRE
737,p107,MISC
738,p49,SPPS
739,p5,NWPP
740,p63,TRE
741,p40,SPPN
742,p45,MISW
743,p83,MISC
744,p104,PJMW
745,p15,BASN
746,p92,SRCE
747,p9,CANO
748,p93,SRCE
749,p109,SRCE
750,p91,SRSE
751,p9,CANO
752,p65,TRE
753,p122,PJME
754,p117,PJMW
755,p55,SPPC
756,p12,BASN
757,p99,PJMD
758,p109,SRCE
759,p35,SPPN
760,p116,PJMW
761,p92,SRCE
762,p48,SPPS
763,p50,SPPS
764,p6,NWPP
765,p39,RMRG
766,p2,NWPP
767,p44,SPPN
768,p64,TRE
769,p127,NYUP
770,p107,MISC
771,p81,MISC
772,p16,BASN
773,p17,NWPP
774,p130,ISNE
775,p63,TRE
776,p103,MISE
777,p88,SRCE
778,p51,SPPS
779,p25,BASN
780,p50,SPPS
781,p58,MISS
782,p73,MISC
783,p129,ISNE
784,p109,SRCE
785,p20,NWPP
786,p96,SRCA
787,p112,PJMW
788,p81,MISC
789,p53,SPPC
790,p63,MISS
791,p38,SPPN
792,p53,SPPC
793,p97,SRCA
794,p50,SPPS
795,p90,SRSE
796,p83,MISC
797,p53,SPPC
798,p109,SRCE
799,p81,MISC
800,p45,SPPN
801,p18,NWPP
802,p58,MISS
803,p122,PJME
804,p46,MISW
805,p51,SPPS
806,p46,MISW
807,p38,SPPN
808,p80,PJMC
809,p64,TRE
810,p38,SPPN
811,p34,RMRG
812,p112,PJMW
813,p18,NWPP
814,p52,SPPC
815,p38,SPPN
816,p53,SPPC
817,p112,PJMW
818,p60,TRE
819,p53,SPPC
820,p127,NYUP
821,p31,SRSG
822,p94,SRSE
823,p53,SPPC
824,p37,MISW
825,p122,PJME
826,p127,NYUP
827,p99,PJMD
828,p108,SRCE
829,p96,SRCA
830,p84,MISC
831,p63,TRE
832,p129,ISNE
833,p98,SRCA
834,p103,MISE
835,p25,BASN
836,p122,PJMW
837,p63,TRE
838,p97,SRCA
839,p31,SRSG
840,p63,TRE
841,p126,PJME
842,p89,SRSE
843,p109,SRCE
844,p123,PJME
845,p87,MISS
846,p66,TRE
847,p98,PJMD
848,p66,TRE
849,p94,SRSE
850,p37,SPPN
851,p57,SPPS
852,p56,SPPS
853,p127,NYUP
854,p33,RMRG
855,p115,PJMW
856,p63,TRE
857,p66,MISS
858,p99,PJME
859,p53,SPPC
860,p1,NWPP
861,p109,SRCE
862,p87,MISS
863,p71,MISC
864,p53,SPPC
865,p134,ISNE
866,p38,SPPN
867,p85,MISS
868,p92,SRCE
869,p127,NYUP
870,p90,SRSE
871,p38,SPPN
872,p101,FRCC
873,p118,PJMD
874,p102,FRCC
875,p97,SRCA
876,p87,MISS
877,p103,MISE
878,p50,SPPS
879,p118,PJMW
880,p14,NWPP
881,p70,MISW
882,p50,SPPS
883,p63,TRE
884,p81,MISC
885,p122,PJME
886,p97,SRCA
887,p45,SPPN
888,p103,MISE
889,p85,MISS
890,p112,PJMW
891,p103,MISE
892,p94,SRSE
893,p83,MISC
894,p94,SRSE
895,p38,SPPN
896,p90,SRSE
897,p99,PJMW
898,p87,SRSE
899,p62,TRE
900,p25,BASN
901,p118,PJMD
902,p40,SPPN
903,p63,TRE
904,p38,SPPN
905,p122,PJME
906,p50,SPPS
907,p58,MISS
908,p51,SPPS
909,p92,SRCE
910,p101,FRCC
911,p97,SRCA
912,p5,NWPP
913,p99,PJMD
914,p83,MISC
915,p84,MISC
916,p131,ISNE
917,p40,SPPN
918,p36,SPPN
919,p116,PJMW
920,p96,SRCA
921,p58,MISS
922,p54,SPPC
923,p45,SPPN
924,p96,SRCA
925,p94,SRSE
926,p127,NYUP
927,p95,SRCA
928,p99,PJMD
929,p36,SPPN
930,p92,SRCE
931,p101,FRCC
932,p116,PJMW
933,p55,SPPC
934,p118,PJMD
935,p60,TRE
936,p36,SPPN
937,p40,SPPN
938,p111,PJMW
939,p58,SPPS
940,p9,CANO
941,p92,SRCE
942,p116,PJMW
943,p58,MISS
944,p13,SRSG
945,p93,SRCE
946,p102,FRCC
947,p33,RMRG
948,p80,PJMC
949,p102,FRCC
950,p5,NWPP
951,p118,PJMW
952,p33,RMRG
953,p40,SPPN
954,p85,MISS
955,p34,RMRG
956,p54,SPPC
957,p63,TRE
958,p73,MISC
959,p87,SRSE
960,p80,MISW
961,p99,PJMD
962,p9,CANO
963,p131,ISNE
964,p92,SRCE
965,p84,MISC
966,p94,SRSE
967,p18,NWPP
968,p31,SRSG
969,p88,SRCE
970,p105,PJMW
971,p71,MISC
972,p84,SPPC
973,p103,MISE
974,p127,NYUP
975,p51,SPPS
976,p94,SRSE
977,p90,SRSE
978,p29,SRSG
979,p56,SPPS
980,p79,MISW
981,p111,PJMW
982,p130,ISNE
983,p93,SRCE
984,p94,SRSE
985,p77,MISW
986,p94,SRSE
987,p122,PJME
988,p70,MISW
989,p133,ISNE
990,p127,NYUP
991,p40,SPPN
992,p82,MISC
993,p126,PJME
994,p123,PJME
995,p61,TRE
996,p63,TRE
997,p101,FRCC
998,p85,MISS
999,p89,SRSE
1000,p109,SRCE
1001,p94,SRCE
1002,p63,TRE
1003,p46,MISW
1004,p61,TRE
1005,p118,PJMW
1006,p37,SPPN
1007,p94,SRSE
1008,p130,ISNE
1009,p92,SRCE
1010,p45,SPPN
1011,p64,MISS
1012,p103,MISW
1013,p63,TRE
1014,p48,SPPS
1015,p30,SRSG
1016,p115,PJMW
1017,p48,SPPS
1018,p87,SRSE
1019,p107,MISC
1020,p43,SPPN
1021,p31,SRSG
1022,p38,SPPN
1023,p90,SRSE
1024,p88,SRCE
1025,p43,MISW
1026,p65,TRE
1027,p105,MISC
1028,p60,TRE
1029,p97,SRCA
1030,p116,PJMW
1031,p32,RMRG
1032,p63,TRE
1033,p92,SRCE
1034,p94,SRSE
1035,p53,SPPC
1036,p94,SRSE
1037,p109,SRCE
1038,p111,PJMW
1039,p103,MISE
1040,p54,SPPC
1041,p118,PJMW
1042,p5,NWPP
1043,p2,NWPP
1044,p109,SRCE
1045,p40,SPPN
1046,p54,SPPC
1047,p60,TRE
1048,p98,SRCA
1049,p116,PJMW
1050,p112,PJMW
1051,p48,SPPS
1052,p98,PJMD
1053,p94,SRSE
1054,p94,SRSE
1055,p61,TRE
1056,p94,SRSE
1057,p54,MISC
1058,p70,MISW
1059,p10,CASO
1060,p69,MISW
1061,p5,NWPP
1062,p39,SPPN
1063,p36,SPPN
1064,p20,NWPP
1065,p92,SRCE
1066,p98,PJMD
1067,p112,PJMW
1068,p50,SPPS
1069,p53,SPPC
1070,p42,MISW
1071,p58,MISS
1072,p128,NYCW
1073,p106,PJMW
1074,p107,MISC
1075,p116,PJMW
1076,p72,MISC
1077,p38,SPPN
1078,p112,PJMW
1079,p99,PJMD
1080,p94,SRSE
1081,p18,NWPP
1082,p92,SRCE
1083,p54,SPPC
1084,p5,NWPP
1085,p10,CASO
1086,p45,SPPN
1087,p105,PJMW
1088,p40,SPPN
1089,p105,PJMW
1090,p81,MISC
1091,p103,MISE
1092,p88,SRCE
1093,p49,SPPS
1094,p25,BASN
1095,p9,CASO
1096,p58,SPPS
1097,p65,TRE
1098,p37,SPPN
1099,p25,BASN
1100,p110,PJMW
1101,p94,SRSE
1102,p41,SPPN
1103,p9,CANO
1104,p63,TRE
1105,p53,SPPC
1106,p26,BASN
1108,p63,TRE
1109,p35,NWPP
1110,p92,SRCE
1111,p99,PJMD
1112,p70,MISW
1113,p85,MISS
1114,p112,PJMW
1115,p70,MISW
1116,p16,BASN
1117,p9,CANO
1118,p92,SRCE
1119,p53,SPPC
1120,p112,PJMW
1121,p104,PJMW
1122,p79,MISW
1123,p85,MISS
1124,p70,MISW
1125,p38,SPPN
1126,p109,SRCE
1127,p72,MISC
1128,p92,SRCE
1129,p65,TRE
1130,p112,PJMW
1131,p98,SRCA
1132,p24,RMRG
1134,p85,MISS
1135,p103,MISE
1136,p36,SPPN
1137,p83,MISC
1138,p127,NYCW
1139,p65,TRE
1140,p42,MISW
1141,p97,SRCA
1142,p43,MISW
1143,p109,SRCE
1144,p40,SPPN
1145,p85,MISS
1146,p132,ISNE
1147,p127,NYUP
1148,p102,FRCC
1149,p40,SPPN
1150,p72,MISC
1151,p97,SRCA
1152,p48,SPPS
1153,p55,SPPC
1154,p117,PJMW
1156,p98,SRCA
1157,p129,ISNE
1158,p94,SRSE
1159,p101,FRCC
1160,p98,SRCA
1161,p43,MISW
1162,p88,SRCE
1163,p68,MISW
1164,p50,SPPS
1165,p123,PJME
1166,p103,MISE
1167,p99,PJMD
1168,p31,SRSG
1169,p98,SRCA
1170,p70,MISW
1171,p87,MISS
1172,p54,MISC
1173,p98,SRCA
1174,p81,MISC
1175,p94,SRSE
1176,p94,SRSE
1177,p123,PJME
1178,p10,CASO
1179,p96,SRCA
1180,p99,PJMD
1181,p94,SRSE
1182,p53,SPPC
1183,p94,SRSE
1184,p127,NYUP
1185,p72,MISC
1186,p101,FRCC
1187,p56,SPPS
1188,p33,RMRG
1189,p39,RMRG
1190,p122,PJME
1191,p76,MISW
1193,p69,MISW
1194,p52,SPPC
1195,p43,MISW
1196,p94,SRSE
1197,p88,SRCE
1198,p119,PJME
1199,p53,SPPC
1200,p126,PJME
1201,p58,MISS
1202,p122,PJME
1203,p33,RMRG
1204,p56,SPPS
1205,p45,SPPN
1206,p127,NYUP
1207,p74,MISW
1208,p92,SRCE
1209,p112,PJMW
1210,p95,SRCA
1211,p97,SRCA
1212,p127,NYUP
1213,p81,MISC
1214,p98,SRCA
1215,p40,SPPN
1216,p4,NWPP
1217,p5,NWPP
1218,p97,SRCA
1219,p103,MISE
1220,p45,MISW
1221,p41,SPPN
1222,p109,SRCE
1223,p97,SRCA
1224,p81,MISC
1225,p50,SPPS
1226,p112,PJMW
1227,p91,SRSE
1228,p127,NYUP
1229,p99,PJMD
1230,p116,PJMW
1231,p71,MISC
1233,p12,BASN
1234,p89,SRSE
1235,p9,CANO
1236,p112,PJMW
1237,p60,TRE
1238,p117,PJMW
1239,p107,MISC
1240,p92,SRCE
1241,p53,SPPC
1242,p97,SRCA
1243,p109,SRCE
1244,p16,BASN
1245,p98,SRCA
1246,p92,SRCE
1247,p9,CANO
1248,p2,NWPP
1249,p98,SRCA
1250,p87,MISS
1251,p65,TRE
1252,p85,MISS
1253,p70,MISW
1254,p58,MISS
1255,p83,MISC
1256,p55,SPPC
1257,p38,SPPN
1258,p72,MISC
1259,p37,SPPN
1260,p25,BASN
1261,p85,MISS
1262,p9,CANO
1263,p63,TRE
1264,p3,NWPP
1265,p58,MISS
1266,p15,BASN
1267,p95,SRCA
1268,p99,PJMD
1269,p31,SRSG
1270,p94,SRSE
1271,p34,RMRG
1272,p93,SRCE
1273,p72,MISC
1274,p63,TRE
1275,p113,PJMW
1276,p76,MISW
1277,p9,CANO
1278,p38,SPPN
1279,p105,MISC
1280,p94,SRSE
1281,p44,SPPN
1282,p103,MISW
1283,p65,TRE
1284,p89,SRCE
1285,p90,SRSE
1286,p94,SRSE
1287,p12,BASN
1288,p14,NWPP
1289,p18,NWPP
1290,p48,SPPS
1291,p112,PJMW
1292,p35,SPPN
1293,p109,SRCE
1294,p55,SPPC
1295,p129,ISNE
1296,p109,SRCE
1297,p33,RMRG
1298,p66,MISS
1299,p25,BASN
1300,p75,MISW
1301,p50,SPPS
1302,p75,MISW
1303,p94,SRSE
1304,p86,MISS
1305,p94,SRSE
1306,p132,ISNE
1307,p119,PJME
1308,p65,TRE
1309,p94,SRSE
1310,p89,SRSE
1311,p101,FRCC
1312,p58,MISS
1313,p54,SPPC
1314,p48,SPPS
1315,p125,PJME
1316,p53,SPPC
1317,p81,MISC
1318,p134,ISNE
1319,p80,PJMC
1320,p103,MISE
1321,p94,SRSE
1322,p112,PJMW
1323,p101,FRCC
1324,p21,BASN
1325,p118,PJMW
1326,p31,SRSG
1327,p54,SPPC
1328,p118,SRCE
1329,p34,RMRG
1330,p127,NYUP
1331,p129,ISNE
1332,p126,PJME
1333,p83,MISC
1334,p34,RMRG
1335,p92,SRCE
1336,p107,MISC
1337,p21,BASN
1338,p131,ISNE
1339,p81,MISC
1340,p68,MISW
1341,p85,MISS
1342,p53,SPPC
1343,p122,PJME
1344,p61,TRE
1345,p103,MISE
1346,p96,SRCA
1347,p64,TRE
1348,p87,MISS
1349,p52,SPPC
1350,p34,RMRG
1351,p31,SRSG
1352,p56,MISS
1353,p103,MISE
1354,p41,SPPN
1355,p109,SRCE
1356,p95,SRCA
1357,p26,BASN
1358,p93,SRCE
1359,p118,SRCE
1360,p127,NYUP
1361,p99,PJMD
1362,p65,TRE
1363,p53,SPPC
1364,p50,SPPS
1365,p8,NWPP
1366,p67,TRE
1367,p101,FRCC
1368,p111,PJMW
1369,p98,SRCA
1370,p101,FRCC
1371,p15,BASN
1372,p50,SPPS
1373,p114,PJMW
1374,p110,SRCE
1375,p58,MISS
1376,p63,TRE
1377,p40,SPPN
1378,p53,SPPC
1379,p38,SPPN
1380,p130,ISNE
1381,p93,SRCE
1382,p38,SPPN
1383,p132,ISNE
1384,p43,MISW
1385,p84,MISC
1386,p53,SPPC
1387,p46,MISW
1388,p94,SRSE
1389,p85,MISS
1390,p50,SPPS
1391,p94,SRSE
1392,p101,FRCC
1393,p43,MISW
1394,p15,BASN
1395,p51,SPPS
1396,p98,PJMD
1397,p101,FRCC
1398,p63,TRE
1399,p58,MISS
1400,p44,MISW
1401,p100,PJMW
1402,p28,SRSG
1403,p33,RMRG
1404,p94,SRSE
1405,p70,SPPN
1406,p112,PJMW
1407,p94,SRSE
1408,p92,SRCE
1409,p46,MISW
1410,p53,SPPC
1411,p15,BASN
1412,p38,SPPN
1413,p70,MISW
1414,p88,SRCE
1415,p40,SPPN
1416,p92,SRCE
1417,p132,ISNE
1418,p69,MISW
1419,p92,SRCE
1420,p64,TRE
1421,p99,PJMD
1422,p87,MISS
1423,p103,MISE
1424,p99,PJMD
1425,p127,NYUP
1426,p38,SPPN
1427,p31,SRSG
1428,p63,TRE
1429,p108,SRCE
1430,p105,MISC
1431,p50,SPPS
1432,p121,PJMW
1433,p87,SRSE
1434,p47,SPPS
1435,p9,CANO
1436,p50,SPPS
1437,p107,MISC
1438,p55,SPPC
1439,p105,PJMW
1440,p50,SPPS
1441,p99,PJMD
1442,p5,NWPP
1443,p50,SPPS
1444,p40,SPPN
1445,p118,PJMW
1446,p24,RMRG
1447,p87,MISS
1448,p48,SPPS
1449,p41,SPPN
1450,p92,SRCE
1451,p38,SPPN
1452,p45,SPPN
1453,p38,SPPN
1454,p100,PJMD
1455,p122,PJME
1456,p82,MISC
1457,p107,MISC
1458,p58,MISS
1459,p122,PJME
1460,p126,PJME
1461,p116,PJMW
1462,p94,SRSE
1463,p117,PJMW
1464,p127,NYUP
1465,p109,SRCE
1467,p126,PJME
1468,p85,MISS
1469,p85,MISS
1470,p71,MISC
1471,p122,PJME
1472,p53,SPPC
1473,p74,MISW
1474,p107,MISC
1475,p35,MISW
1476,p20,NWPP
1477,p69,MISW
1478,p57,SPPS
1479,p46,MISW
1480,p63,TRE
1481,p53,SPPC
1482,p37,SPPN
1483,p92,SRCE
1484,p53,SPPC
1485,p36,SPPN
1486,p92,SRCE
1487,p88,SRCE
1488,p112,PJMW
1489,p34,RMRG
1490,p123,PJME
1491,p42,MISW
1492,p134,ISNE
1493,p101,FRCC
1494,p53,SPPC
1495,p87,MISS
1496,p42,MISW
1497,p74,MISW
1498,p64,TRE
1499,p39,SPPN
1500,p101,FRCC
1501,p94,SRSE
1502,p123,PJME
1503,p105,PJMW
1504,p52,SPPC
1505,p41,SPPN
1506,p69,MISW
1507,p93,SRCE
1508,p85,MISS
1509,p101,FRCC
1510,p109,SRCE
1511,p95,SRCA
1512,p99,PJMD
1513,p90,SRSE
1514,p105,PJMW
1515,p101,FRCC
1516,p119,PJME
1518,p85,MISS
1519,p90,SRSE
1520,p98,PJMD
1521,p48,SPPS
1522,p10,SRSG
1523,p43,MISW
1524,p1,NWPP
1525,p8,CANO
1526,p62,TRE
1527,p41,SPPN
1528,p64,TRE
1529,p111,PJMW
1530,p98,PJMD
1531,p92,SRCE
1532,p94,SRSE
1533,p70,SPPN
1534,p95,SRCA
1535,p103,MISE
1536,p54,SPPC
1537,p68,MISW
1538,p109,SRCE
1539,p99,PJMD
1540,p105,PJMW
1541,p108,SRCE
1542,p1,NWPP
1543,p37,SPPN
1544,p105,PJMW
1545,p115,PJMW
1546,p58,MISS
1547,p87,MISS
1548,p40,SPPN
1549,p63,TRE
1550,p92,SRCE
1551,p33,RMRG
1552,p99,PJMD
1553,p2,NWPP
1554,p77,MISW
1555,p94,SRSE
1556,p36,SPPN
1557,p99,PJMD
1558,p72,MISC
1559,p94,SRSE
1560,p110,PJMW
1561,p99,PJMD
1562,p58,MISS
1563,p44,SPPN
1564,p58,MISS
1565,p47,SPPS
1566,p37,SPPN
1567,p72,MISC
1568,p38,SPPN
1569,p111,PJMW
1570,p118,PJMW
1571,p35,SPPN
1572,p81,MISC
1573,p53,SPPC
1574,p50,SPPS
1575,p122,PJME
1576,p118,PJMW
1577,p58,SPPS
1578,p98,PJMD
1579,p85,MISS
1580,p37,SPPN
1581,p2,NWPP
1582,p90,SRSE
1583,p105,MISC
1584,p9,CANO
1585,p21,BASN
1586,p33,RMRG
1587,p122,PJME
1588,p58,MISS
1589,p34,RMRG
1590,p94,SRSE
1591,p25,BASN
1592,p126,PJME
1593,p38,SPPN
1594,p71,MISC
1595,p109,SRCE
1596,p36,SPPN
1597,p90,SRSE
1598,p53,SPPC
1599,p94,SRCE
1600,p122,PJME
1601,p43,MISW
1602,p94,SRSE
1603,p43,MISW
1604,p58,SPPS
1605,p72,MISC
1606,p33,RMRG
1607,p25,BASN
1608,p81,MISC
1609,p60,SPPS
1610,p115,PJMW
1611,p96,SRCA
1612,p50,SPPS
1613,p61,TRE
1614,p127,NYUP
1615,p94,SRSE
1616,p101,FRCC
1617,p107,MISC
1618,p107,MISC
1619,p129,ISNE
1620,p90,SRSE
1621,p93,SRCE
1622,p112,PJMW
1623,p101,FRCC
1624,p39,SPPN
1625,p2,NWPP
1626,p89,SRSE
1627,p83,MISC
1628,p94,SRSE
1629,p31,RMRG
1630,p68,MISW
1631,p85,SPPS
1632,p9,CANO
1633,p15,BASN
1634,p99,PJMD
1635,p94,SRSE
1636,p118,PJMW
1637,p97,SRCA
1638,p37,SPPN
1639,p92,SRCE
1640,p63,TRE
1641,p90,SRSE
1642,p53,SPPC
1643,p53,SPPC
1644,p16,BASN
1645,p14,NWPP
1646,p103,MISE
1647,p20,NWPP
1648,p126,PJME
1649,p66,MISS
1650,p58,SPPS
1651,p122,PJME
1652,p101,FRCC
1653,p53,SPPC
1654,p117,PJMW
1655,p53,SPPC
1656,p3,NWPP
1657,p86,MISS
1658,p122,PJME
1659,p43,SPPN
1660,p98,SRCA
1661,p111,PJMW
1662,p87,MISS
1663,p122,PJME
1664,p94,SRSE
1665,p104,PJMW
1666,p39,RMRG
1667,p28,SRSG
1668,p1,NWPP
1669,p90,SRSE
1670,p38,SPPN
1671,p94,SRSE
1672,p7,NWPP
1673,p3,NWPP
1674,p134,ISNE
1675,p99,PJMD
1676,p118,PJMW
1677,p94,SRSE
1678,p9,CANO
1679,p87,MISS
1680,p58,MISS
1681,p89,SRSE
1682,p50,SPPS
1683,p81,MISC
1684,p112,PJMW
1685,p12,BASN
1686,p123,PJME
1687,p122,PJME
1688,p94,SRSE
1689,p123,PJME
1690,p63,TRE
1691,p90,SRSE
1692,p80,MISC
1693,p94,SRSE
1694,p55,SPPC
1695,p92,SRCE
1696,p16,BASN
1697,p94,SRSE
1698,p56,SPPS
1699,p91,SRSE
1700,p87,SRSE
1701,p123,PJME
1702,p87,SRSE
1703,p52,SPPC
1704,p55,SPPC
1705,p37,SPPN
1706,p87,SRSE
1707,p134,ISNE
1708,p99,PJMW
1709,p9,CANO
1710,p88,SRCE
1711,p50,SPPS
1712,p92,SRCE
1713,p38,SPPN
1714,p81,MISC
1715,p126,PJME
1716,p112,PJMW
1717,p50,SPPS
1718,p91,SRSE
1719,p23,RMRG
1720,p97,SRCA
1721,p131,ISNE
1722,p38,SPPN
1723,p85,MISS
1724,p53,SPPC
1725,p65,TRE
1726,p109,SRCE
1727,p40,SPPN
1729,p47,SPPS
1730,p38,SPPN
1731,p14,NWPP
1732,p107,MISC
1733,p131,ISNE
1734,p50,SPPS
1735,p65,TRE
1736,p87,MISS
1737,p98,PJMD
1738,p94,SRSE
1739,p64,TRE
1740,p83,MISC
1741,p12,BASN
1742,p116,PJMW
1743,p88,SRCE
1744,p53,SPPC
1745,p99,PJMD
1746,p63,TRE
1747,p130,ISNE
1748,p118,PJMW
1749,p94,SRSE
1750,p94,SRSE
1751,p85,MISS
1752,p133,ISNE
1753,p53,SPPC
1754,p108,SRCE
1755,p72,MISC
1756,p97,SRCA
1757,p64,TRE
1758,p72,MISC
1759,p94,SRSE
1760,p68,MISW
1761,p68,MISW
1762,p86,MISS
1763,p28,SRSG
1764,p56,SPPS
1765,p113,PJMW
1766,p89,SRCE
1767,p103,MISE
1768,p112,PJMW
1769,p101,FRCC
1770,p98,SRCA
1771,p85,MISS
1772,p63,TRE
1773,p96,SRCA
1774,p108,SRCE
1775,p103,MISE
1776,p105,PJMW
1777,p46,MISW
1778,p48,SPPS
1779,p60,TRE
1780,p53,SPPC
1781,p134,ISNE
1782,p130,ISNE
1783,p101,FRCC
1784,p115,PJMW
1785,p85,MISS
1786,p103,MISE
1787,p108,SRCE
1788,p87,MISS
1789,p54,SPPC
1790,p108,SRCE
1791,p134,ISNE
1792,p112,PJMW
1793,p42,SPPN
1794,p55,SPPC
1795,p20,NWPP
1796,p112,PJMW
1797,p33,RMRG
1798,p94,SRCE
1799,p28,SRSG
1800,p112,PJMW
1801,p34,RMRG
1802,p103,MISE
1803,p63,TRE
1804,p35,MISW
1805,p12,BASN
1806,p117,PJMW
1807,p92,SRCE
1808,p71,MISC
1809,p36,SPPN
1810,p107,MISC
1811,p84,MISC
1812,p9,CANO
1813,p69,MISW
1814,p6,NWPP
1815,p109,SRCE
1816,p12,BASN
1817,p133,ISNE
1818,p69,MISW
1819,p70,MISW
1820,p40,SPPN
1821,p99,PJMD
1822,p35,SPPN
1823,p92,SRCE
1824,p103,MISE
1825,p41,SPPN
1826,p131,ISNE
1827,p26,BASN
1828,p103,MISE
1829,p118,PJMW
1830,p97,SRCA
1831,p76,MISW
1832,p123,PJME
1833,p54,SPPC
1834,p58,SPPS
1835,p74,MISW
1836,p75,MISW
1837,p25,BASN
1838,p43,MISW
1839,p103,MISE
1840,p94,SRSE
1841,p94,SRSE
1842,p10,CASO
1843,p105,PJMW
1844,p99,PJMD
1845,p9,NWPP
1846,p109,SRCE
1847,p18,NWPP
1848,p107,MISC
1849,p90,SRSE
1850,p7,NWPP
1851,p48,SPPS
1852,p99,PJMD
1853,p72,MISC
1854,p65,TRE
1855,p40,SPPN
1856,p37,SPPN
1857,p84,MISC
1858,p97,SRCA
1859,p51,SPPS
1860,p70,MISW
1861,p92,SRCE
1862,p115,PJMW
1863,p48,TRE
1864,p52,SPPC
1865,p10,CASO
1866,p92,SRCE
1867,p41,SPPN
1868,p116,PJMW
1869,p52,SPPC
1870,p122,PJME
1871,p112,PJMW
1872,p94,SRSE
1873,p61,TRE
1874,p85,MISS
1875,p53,SPPC
1876,p92,SRCE
1877,p38,SPPN
1878,p81,MISC
1879,p39,SPPN
1880,p85,MISS
1881,p53,SPPC
1882,p17,NWPP
1883,p101,FRCC
1884,p94,SRSE
1885,p92,SRCE
1886,p70,MISW
1887,p94,SRSE
1888,p81,MISC
1889,p99,PJMD
1890,p98,SRCA
1891,p116,PJMW
1892,p50,SPPS
1893,p43,SPPN
1894,p99,PJMD
1895,p105,MISC
1896,p40,SPPN
1897,p105,MISC
1898,p97,SRCA
1899,p114,PJMW
1900,p116,PJMW
1901,p56,SPPS
1902,p123,PJME
1903,p112,PJMW
1904,p56,MISS
1905,p94,SRSE
1907,p94,SRSE
1908,p65,TRE
1909,p38,SPPN
1910,p90,SRSE
1911,p92,SRCE
1912,p35,MISW
1913,p116,PJMW
1914,p127,NYCW
1915,p99,PJMD
1916,p53,SPPC
1917,p127,NYUP
1919,p98,SRCA
1920,p111,PJMW
1921,p40,SPPN
1922,p53,SPPC
1923,p50,SPPS
1924,p81,MISC
1925,p43,MISW
1926,p58,MISS
1927,p108,SRCE
1928,p98,PJMD
1929,p63,TRE
1930,p116,PJMW
1931,p107,MISC
1932,p76,MISW
1933,p126,PJME
1934,p118,SRCE
1935,p92,SRCE
1936,p127,NYUP
1937,p127,NYUP
1938,p94,SRSE
1939,p45,MISW
1940,p101,FRCC
1941,p81,MISC
1942,p64,TRE
1943,p109,SRCE
1944,p40,SPPN
1945,p126,PJME
1946,p87,MISS
1947,p48,SPPS
1948,p43,MISW
1949,p9,CANO
1950,p38,SPPN
1951,p126,PJME
1952,p43,MISW
1953,p76,MISW
1954,p31,SRSG
1955,p77,MISW
1956,p127,NYUP
1957,p81,MISC
1958,p72,MISC
1959,p58,MISS
1960,p105,MISC
1961,p110,PJMW
1962,p94,SRSE
1963,p70,MISW
1964,p40,SPPN
1966,p110,PJMW
1967,p50,SPPS
1968,p122,PJME
1969,p47,SPPS
1970,p92,SRCE
1971,p54,SPPC
1972,p10,CASO
1973,p94,SRSE
1974,p63,TRE
1975,p9,CANO
1976,p47,SPPS
1977,p75,MISW
1978,p64,TRE
1979,p12,BASN
1981,p96,SRCA
1982,p97,SRCA
1983,p97,SRCA
1984,p38,SPPN
1985,p129,ISNE
1986,p81,MISC
1987,p101,FRCC
1988,p33,RMRG
1989,p85,MISS
1990,p103,MISE
1991,p53,SPPC
1992,p99,PJMD
1993,p94,SRSE
1994,p134,ISNE
1995,p94,SRSE
1996,p103,MISE
1997,p34,RMRG
1998,p122,PJME
1999,p64,TRE
2000,p81,MISC
2001,p101,FRCC
2002,p15,BASN
2003,p80,PJMC
2004,p63,TRE
2005,p96,SRCA
2006,p94,SRSE
2007,p70,MISW
2008,p103,MISE
2009,p103,MISE
2010,p9,CANO
2011,p87,MISS
2012,p85,MISS
2013,p109,SRCE
2014,p64,TRE
2015,p9,CANO
2016,p51,SPPS
2017,p77,MISW
2018,p56,MISS
2019,p56,SPPS
2020,p9,CANO
2021,p54,MISC
2022,p56,MISS
2023,p61,TRE
2024,p10,CASO
2025,p99,PJMD
2026,p15,BASN
2027,p63,TRE
2028,p70,MISW
2029,p3,NWPP
2030,p58,SPPS
2031,p94,SRSE
2032,p38,SPPN
2033,p127,NYUP
2034,p98,SRCA
2035,p25,BASN
2036,p81,MISC
2038,p87,MISS
2039,p50,SPPS
2040,p94,SRSE
2041,p134,ISNE
2042,p99,PJMD
2043,p55,MISC
2044,p53,SPPC
2045,p54,SPPC
2046,p98,SRCA
2047,p63,MISS
2048,p99,PJMD
2049,p72,MISC
2050,p89,SRSE
2051,p8,NWPP
2052,p89,SRSE
2053,p3,NWPP
2054,p89,SRSE
2055,p36,SPPN
2056,p94,SRSE
2057,p84,MISC
2058,p63,TRE
2059,p127,NYUP
2060,p85,MISS
2061,p37,SPPN
2062,p12,BASN
2063,p127,NYUP
2064,p56,MISS
2065,p53,SPPC
2066,p109,SRCE
2067,p42,SPPN
2069,p126,PJME
2070,p97,SRCA
2071,p81,MISC
2072,p103,MISW
2073,p75,MISW
2074,p99,PJMD
2075,p112,PJMW
2076,p103,MISE
2077,p113,PJMW
2078,p70,MISW
2079,p15,BASN
2080,p65,TRE
2081,p57,SPPS
2082,p26,BASN
2083,p99,PJMD
2084,p38,SPPN
2085,p87,SRSE
2086,p97,SRCA
2087,p99,PJMD
2088,p94,SRSE
2089,p34,RMRG
2090,p50,SPPS
2091,p38,SPPN
2092,p105,MISC
2093,p49,SPPS
2094,p112,PJMW
2095,p47,SPPS
2096,p103,MISE
2097,p81,MISC
2098,p31,SRSG
2099,p53,SPPC
2100,p38,SPPN
2101,p26,BASN
2102,p99,PJMD
2103,p103,MISE
2104,p51,SPPS
2105,p44,SPPN
2106,p94,SRSE
2107,p16,BASN
2108,p99,PJMD
2109,p111,PJMW
2110,p103,MISE
2111,p37,SPPN
2112,p43,MISW
2113,p65,TRE
2114,p90,SRSE
2115,p58,MISS
2116,p94,SRSE
2117,p127,NYUP
2118,p96,SRCA
2119,p122,PJME
2120,p97,SRCA
2121,p22,RMRG
2122,p60,TRE
2123,p94,SRSE
2124,p112,PJMW
2125,p105,PJMW
2126,p112,PJMW
2127,p55,SPPC
2128,p12,BASN
2129,p105,MISC
2130,p54,SPPC
2131,p31,SRSG
2132,p94,SRSE
2133,p94,SRSE
2134,p63,TRE
2135,p33,RMRG
2136,p81,MISC
2137,p127,NYUP
2138,p88,SRCE
2139,p81,MISC
2140,p127,NYUP
2141,p36,SPPN
2142,p93,SRCE
2143,p90,SRSE
2144,p114,PJMW
2145,p52,SPPC
2146,p31,SRSG
2147,p54,SPPC
2148,p127,NYUP
2149,p94,SRSE
2150,p112,PJMW
2151,p24,RMRG
2152,p54,SPPC
2153,p118,PJMW
2154,p98,PJMD
2155,p107,MISC
2156,p73,MISC
2157,p126,PJME
2158,p78,MISW
2159,p125,PJME
2160,p94,SRSE
2161,p68,MISW
2162,p132,ISNE
2163,p62,TRE
2164,p98,SRCA
2165,p25,BASN
2166,p23,RMRG
2167,p112,PJMW
2168,p32,RMRG
2169,p87,MISS
2170,p63,SPPS
2171,p76,MISW
2172,p39,SPPN
2173,p81,MISC
2174,p87,MISS
2175,p25,BASN
2176,p52,SPPC
2177,p50,SPPS
2178,p5,NWPP
2179,p70,MISW
2180,p118,PJMW
2181,p80,PJMC
2182,p88,MISS
2183,p101,FRCC
2184,p109,SRCE
2185,p92,SRCE
2187,p127,NYCW
2188,p16,BASN
2189,p58,SPPS
2190,p54,SPPC
2191,p116,PJMW
2192,p105,PJMW
2193,p94,SRSE
2194,p118,PJMW
2195,p87,MISS
2196,p53,SPPC
2197,p65,TRE
2198,p61,TRE
2199,p87,MISS
2200,p43,MISW
2201,p36,SPPN
2202,p93,SRCE
2203,p123,PJME
2204,p92,SRCE
2205,p79,MISW
2206,p40,SPPN
2207,p70,MISW
2208,p93,SRCE
2209,p110,SRCE
2210,p50,SPPS
2211,p74,MISW
2212,p36,SPPN
2213,p46,MISW
2214,p58,MISS
2215,p60,TRE
2216,p86,MISS
2217,p33,RMRG
2218,p32,RMRG
2219,p58,SPPS
2220,p103,MISE
2221,p86,MISS
2222,p127,NYUP
2223,p6,NWPP
2224,p40,SPPN
2225,p101,FRCC
2226,p129,ISNE
2227,p71,MISC
2228,p70,MISW
2229,p105,MISC
2230,p54,SPPC
2231,p56,SPPS
2232,p99,PJMD
2233,p81,MISC
2234,p117,PJMW
2235,p98,SRCA
2236,p38,SPPN
2237,p53,SPPC
2238,p43,MISW
2239,p91,SRSE
2240,p54,MISC
2241,p17,NWPP
2242,p17,NWPP
2243,p50,SPPS
2244,p15,BASN
2245,p92,SRCE
2246,p45,SPPN
2247,p52,SPPC
2248,p101,FRCC
2249,p20,NWPP
2250,p45,MISW
2251,p107,MISC
2252,p94,SRSE
2253,p58,MISS
2254,p95,SRCA
2255,p45,SPPN
2256,p121,PJMW
2257,p87,MISS
2258,p122,PJME
2259,p116,PJMW
2260,p46,MISW
2261,p5,NWPP
2262,p2,NWPP
2263,p93,SRCE
2264,p5,NWPP
2265,p40,SPPN
2266,p92,SRCE
2267,p34,RMRG
2268,p69,MISW
2269,p39,SPPN
2270,p101,FRCC
2271,p99,PJMD
2272,p61,TRE
2273,p54,SPPC
2274,p94,SRSE
2275,p68,MISW
2276,p87,MISS
2277,p127,NYCW
2278,p107,PJMW
2279,p39,SPPN
2280,p87,MISS
2281,p63,TRE
2282,p103,MISE
2283,p116,PJMW
2284,p117,PJMW
2285,p96,SRCA
2286,p51,SPPS
2287,p99,PJMD
2288,p34,RMRG
2289,p101,FRCC
2290,p48,SPPS
2291,p70,MISW
2292,p119,PJME
2293,p96,SRCA
2294,p35,NWPP
2295,p39,SPPN
2296,p122,PJME
2297,p92,SRCE
2298,p92,SRCE
2299,p84,MISC
2300,p92,SRCE
2301,p85,MISS
2302,p94,SRSE
2303,p88,SRCE
2304,p109,SRCE
2305,p81,MISC
2306,p70,SPPN
2307,p53,SPPC
2308,p36,SPPN
2310,p107,MISC
2311,p34,RMRG
2312,p76,MISW
2313,p103,MISE
2314,p97,SRCA
2315,p43,MISW
2316,p99,PJMD
2317,p97,SRCA
2318,p118,PJMW
2319,p46,MISW
2320,p72,MISC
2321,p93,SRCE
2322,p38,SPPN
2323,p9,CANO
2324,p52,SPPC
2325,p38,SPPN
2326,p122,PJMW
2327,p122,PJME
2328,p36,SPPN
2329,p66,MISS
2330,p52,SPPC
2331,p75,MISW
2332,p94,SRSE
2333,p79,MISW
2334,p53,SPPC
2335,p118,PJMW
2336,p127,NYUP
2337,p50,SPPS
2338,p36,SPPN
2339,p112,PJMW
2340,p107,MISC
2341,p48,SPPS
2342,p20,NWPP
2343,p43,MISW
2344,p94,SRSE
2345,p105,PJMW
2346,p115,PJMW
2347,p99,PJMD
2348,p64,TRE
2349,p133,ISNE
2350,p109,SRCE
2351,p51,SPPS
2352,p61,TRE
2353,p63,TRE
2354,p123,PJME
2355,p97,SRCA
2357,p98,PJMD
2358,p17,NWPP
2359,p98,PJMD
2360,p112,PJMW
2361,p63,TRE
2362,p25,BASN
2363,p90,SRSE
2364,p56,SPPS
2365,p53,SPPC
2366,p15,NWPP
2367,p50,SPPS
2368,p81,MISC
2369,p38,SPPN
2370,p101,FRCC
2371,p111,PJMW
2372,p94,SRSE
2373,p86,MISS
2374,p9,CANO
2375,p18,NWPP
2376,p44,SPPN
2377,p38,SPPN
2378,p63,TRE
2379,p20,NWPP
2380,p118,SRCE
2381,p50,SPPS
2382,p15,BASN
2383,p122,PJME
2385,p43,MISW
2386,p52,SPPC
2387,p118,PJMW
2388,p98,PJMD
2389,p26,BASN
2390,p83,MISC
2391,p101,FRCC
2392,p87,MISS
2393,p9,CANO
2394,p43,MISW
2395,p94,SRSE
2396,p101,FRCC
2397,p118,PJMW
2398,p56,SPPS
2399,p24,RMRG
2400,p112,PJMW
2401,p9,CANO
2402,p38,SPPN
2403,p50,SPPS
2404,p76,MISW
2405,p109,PJMW
2406,p41,SPPN
2407,p93,SRCE
2408,p85,SPPS
2409,p92,SRCE
2410,p70,MISW
2411,p96,SRCA
2412,p92,SRCE
2414,p126,PJME
2415,p53,SPPC
2416,p99,PJMD
2417,p9,CANO
2418,p109,SRCE
2419,p21,BASN
2420,p65,TRE
2421,p92,SRCE
2422,p40,SPPN
2423,p53,SPPC
2424,p31,SRSG
2425,p57,SPPS
2426,p116,PJMW
2427,p85,MISS
2428,p88,SRCE
2429,p48,SPPS
2430,p107,MISC
2431,p129,ISNE
2432,p81,MISC
2433,p14,NWPP
2434,p95,SRCA
2435,p64,TRE
2436,p105,PJMW
2437,p61,TRE
2438,p109,SRCE
2439,p14,NWPP
2440,p40,SPPN
2441,p99,PJMD
2442,p92,SRCE
2443,p34,RMRG
2444,p39,SPPN
2445,p99,PJMD
2446,p70,MISW
2447,p109,PJMW
2448,p107,MISC
2449,p92,SRCE
2450,p56,SPPS
2451,p105,PJMW
2452,p31,SRSG
2453,p40,SPPN
2454,p88,SRSE
2455,p97,SRCA
2456,p99,PJMD
2457,p117,PJMW
2458,p9,CANO
2459,p58,MISS
2460,p126,PJME
2461,p34,RMRG
2462,p60,TRE
2463,p97,SRCA
2464,p90,SRSE
2466,p116,PJMW
2468,p35,MISW
2469,p112,PJMW
2470,p52,SPPC
2471,p53,SPPC
2472,p31,SRSG
2473,p85,MISS
2474,p34,RMRG
2475,p70,SPPN
2476,p20,NWPP
2477,p97,SRCA
2478,p95,SRCA
2479,p107,MISC
2480,p134,ISNE
2481,p60,TRE
2482,p65,TRE
2484,p122,PJME
2485,p124,PJME
2486,p18,NWPP
2487,p53,SPPC
2488,p100,PJMW
2489,p89,SRSE
2491,p84,MISC
2492,p96,SRCA
2493,p134,ISNE
2494,p94,SRSE
2495,p44,MISW
2496,p86,MISS
2497,p85,MISS
2498,p94,SRSE
2499,p33,RMRG
2500,p1,NWPP
2501,p82,MISC
2502,p113,PJMW
2503,p2,NWPP
2504,p85,SPPS
2505,p99,PJMD
2506,p94,SRSE
2507,p60,SPPS
2508,p82,MISC
2509,p63,TRE
2510,p92,SRCE
2511,p98,SRCA
2512,p2,NWPP
2513,p94,SRSE
2514,p99,PJMD
2515,p107,MISC
2516,p95,SRCA
2517,p9,CANO
2518,p87,MISS
2519,p123,PJME
2520,p48,SPPS
2521,p12,BASN
2522,p108,SRCE
2523,p65,TRE
2524,p109,SRCE
2525,p40,SPPN
2526,p92,SRCE
2527,p37,SPPN
2528,p92,SRCE
2529,p79,MISW
2530,p109,SRCE
2531,p112,PJMW
2532,p94,SRSE
2533,p6,NWPP
2534,p94,SRSE
2535,p111,PJMW
2536,p116,PJMW
2537,p48,TRE
2538,p39,SPPN
2539,p99,PJMD
2540,p122,PJME
2541,p91,SRSE
2542,p61,TRE
2543,p53,SPPC
2544,p33,RMRG
2545,p2,NWPP
2546,p43,MISW
2547,p88,SRCE
2548,p87,MISS
2549,p131,ISNE
2550,p37,MISW
2551,p94,SRSE
2552,p116,PJMW
2553,p63,TRE
2554,p98,PJMD
2555,p53,SPPC
2556,p87,SRSE
2557,p37,SPPN
2558,p40,SPPN
2559,p109,SRCE
2560,p6,NWPP
2561,p12,BASN
2562,p116,PJMW
2563,p63,TRE
2564,p92,SRCE
2565,p9,CANO
2566,p94,SRCE
2567,p112,PJMW
2568,p109,SRCE
2569,p7,NWPP
2570,p70,MISW
2571,p109,SRCE
2572,p41,SPPN
2573,p62,TRE
2574,p90,SRSE
2575,p111,PJMW
2576,p54,SPPC
2577,p96,SRCA
2578,p69,MISW
2579,p98,PJMD
2580,p5,NWPP
2581,p70,MISW
2582,p90,SRSE
2583,p39,SPPN
2584,p56,SPPS
2585,p90,SRSE
2586,p96,SRCA
2587,p101,FRCC
2588,p123,PJME
2589,p9,CANO
2590,p107,MISC
2591,p101,FRCC
2592,p58,MISS
2593,p105,MISC
2594,p43,MISW
2595,p18,NWPP
2596,p81,MISC
2597,p117,PJMW
2598,p53,SPPC
2599,p99,PJMD
2600,p130,ISNE
2601,p50,SPPS
2602,p90,SRSE
2603,p94,SRSE
2604,p33,RMRG
2605,p55,SPPC
2606,p122,PJMW
2607,p127,NYUP
2608,p55,SPPC
2609,p28,SRSG
2610,p45,SPPN
2611,p92,SRCE
2612,p34,RMRG
2613,p115,PJMW
2614,p69,MISW
2615,p122,PJME
2616,p33,RMRG
2617,p90,SRSE
2618,p61,TRE
2619,p70,MISW
2620,p38,SPPN
2621,p65,TRE
2622,p98,SRCA
2623,p121,PJMW
2624,p58,MISS
2625,p133,ISNE
2626,p72,MISC
2627,p94,SRSE
2628,p109,SRCE
2629,p65,TRE
2630,p45,SPPN
2631,p98,PJMD
2632,p58,MISS
2633,p70,MISW
2634,p64,TRE
2635,p2,NWPP
2636,p51,SPPS
2637,p99,PJMD
2638,p103,MISE
2639,p99,PJMW
2640,p116,PJMW
2641,p109,SRCE
2642,p74,MISW
2643,p81,MISC
2644,p103,MISE
2645,p58,SPPS
2646,p38,SPPN
2647,p94,SRSE
2648,p64,MISS
2649,p39,RMRG
2650,p36,SPPN
2651,p5,NWPP
2652,p94,SRSE
2653,p97,SRCA
2654,p127,NYUP
2655,p17,NWPP
2656,p62,TRE
2657,p50,SPPS
2658,p80,PJMC
2659,p107,MISC
2660,p97,SRCA
2661,p103,MISE
2662,p58,MISS
2663,p42,MISW
2664,p62,TRE
2665,p48,SPPS
2666,p85,MISS
2667,p83,MISC
2668,p37,SPPN
2669,p9,CANO
2670,p43,MISW
2671,p45,SPPN
2672,p92,SRCE
2673,p109,SRCE
2674,p70,MISW
2676,p110,PJMW
2677,p63,TRE
2678,p127,NYUP
2679,p40,SPPN
2680,p109,SRCE
2681,p68,MISW
2682,p81,MISC
2683,p58,MISS
2684,p103,MISE
2685,p50,SPPS
2686,p94,SRSE
2687,p117,PJMW
2688,p94,SRSE
2689,p38,SPPN
2690,p99,PJMD
2691,p61,SRSG
2692,p89,SRSE
2693,p64,TRE
2694,p31,RMRG
2695,p89,SRSE
2696,p77,MISW
2697,p105,MISC
2698,p84,MISS
2699,p127,NYUP
2700,p127,NYUP
2701,p122,PJME
2702,p63,TRE
2703,p72,MISC
2704,p53,SPPC
2705,p52,SPPC
2706,p92,SRCE
2707,p81,MISC
2708,p122,PJME
2709,p50,SPPS
2710,p25,BASN
2711,p16,BASN
2712,p63,TRE
2713,p61,TRE
2714,p36,SPPN
2715,p77,MISW
2716,p58,MISS
2717,p110,PJMW
2718,p85,MISS
2719,p77,MISW
2720,p94,SRSE
2721,p90,SRSE
2722,p68,MISW
2723,p90,SRSE
2724,p109,SRCE
2725,p38,SPPN
2726,p112,PJMW
2727,p34,RMRG
2728,p17,NWPP
2729,p112,PJMW
2730,p107,MISC
2731,p122,PJMW
2732,p40,SPPN
2733,p37,MISW
2734,p75,MISW
2735,p81,MISC
2736,p75,MISW
2737,p103,MISE
2738,p122,PJME
2739,p94,SRSE
2740,p92,SRCE
2741,p55,SPPC
2742,p81,MISC
2744,p92,SRCE
2745,p71,MISC
2746,p93,SRCE
2747,p116,PJMW
2748,p33,RMRG
2749,p48,SPPS
2750,p18,NWPP
2751,p118,PJMW
2752,p94,SRSE
2753,p43,MISW
2754,p40,SPPN
2755,p65,TRE
2756,p76,MISW
2757,p103,MISE
2758,p5,NWPP
2759,p53,SPPC
2760,p75,MISW
2761,p118,PJMW
2762,p129,ISNE
2763,p122,PJME
2764,p94,SRSE
2765,p105,PJMW
2766,p92,SRCE
2767,p53,SPPC
2768,p71,MISC
2769,p94,SRSE
2770,p46,MISW
2771,p79,MISW
2772,p53,SPPC
2773,p87,MISS
2774,p107,MISC
2775,p70,MISW
2776,p110,PJMW
2777,p94,SRSE
2778,p16,BASN
2779,p9,CANO
2780,p89,SRCE
2781,p81,MISC
2782,p9,CANO
2783,p9,CANO
2784,p101,FRCC
2785,p99,PJMD
2786,p2,NWPP
2787,p34,RMRG
2788,p99,PJMD
2789,p94,SRSE
2790,p112,PJMW
2791,p65,TRE
2792,p96,SRCA
2793,p105,MISC
2794,p66,SPPS
2795,p89,SRSE
2796,p108,SRCE
2797,p46,MISW
2798,p90,SRSE
2799,p40,SPPN
2800,p69,MISW
2801,p80,PJMC
2802,p70,MISW
2803,p64,TRE
2804,p75,MISW
2805,p74,MISW
2806,p81,MISC
2807,p94,SRSE
2808,p43,MISW
2809,p94,SRSE
2810,p31,SRSG
2811,p94,SRSE
2812,p97,SRCA
2813,p105,PJMW
2814,p57,SPPS
2815,p98,PJMD
2816,p88,MISS
2817,p96,SRCA
2818,p99,PJMD
2819,p70,SPPN
2820,p91,SRSE
2821,p34,RMRG
2822,p28,SRSG
2823,p87,MISS
2824,p25,BASN
2825,p1,NWPP
2826,p127,NYUP
2827,p116,PJMW
2828,p85,MISS
2829,p43,MISW
2830,p31,SRSG
2831,p94,SRSE
2832,p83,MISC
2833,p53,SPPC
2834,p99,PJMD
2835,p103,MISE
2836,p80,PJMC
2837,p98,SRCA
2838,p40,SPPN
2839,p105,PJMW
2840,p90,SRSE
2841,p94,SRSE
2842,p99,PJMD
2843,p68,MISW
2844,p90,SRSE
2845,p112,PJMW
2846,p112,PJMW
2847,p48,SPPS
2848,p89,SRSE
2849,p21,BASN
2850,p94,SRSE
2851,p37,SPPN
2852,p63,TRE
2853,p85,SPPS
2854,p126,PJME
2855,p85,MISS
2856,p85,MISS
2857,p97,SRCA
2858,p92,SRCE
2859,p43,SPPN
2860,p52,SPPC
2861,p55,SPPC
2862,p66,MISS
2863,p99,PJME
2864,p16,BASN
2865,p83,MISC
2866,p127,NYUP
2867,p94,SRSE
2868,p75,MISW
2869,p31,SRSG
2870,p31,SRSG
2871,p87,MISS
2872,p97,SRCA
2873,p38,SPPN
2874,p64,MISS
2875,p38,SPPN
2876,p134,ISNE
2877,p107,MISC
2878,p9,CANO
2879,p103,MISE
2880,p23,RMRG
2881,p53,SPPC
2882,p75,MISW
2883,p92,SRCE
2884,p99,PJMD
2885,p45,MISW
2886,p65,TRE
2887,p76,MISW
2888,p70,MISW
2889,p109,SRCE
2890,p42,MISW
2891,p40,SPPN
2892,p105,MISC
2893,p16,BASN
2894,p99,PJMD
2895,p102,FRCC
2896,p131,ISNE
2897,p85,MISS
2898,p94,SRSE
2899,p43,MISW
2900,p41,SPPN
2901,p45,SPPN
2902,p88,SRCE
2903,p70,MISW
2904,p17,NWPP
2905,p50,SPPS
2906,p92,SRCE
2907,p70,MISW
2908,p83,MISC
2909,p53,SPPC
2910,p99,PJMD
2911,p76,MISW
2912,p50,SPPS
2913,p73,MISC
2914,p112,PJMW
2915,p87,MISS
2917,p105,MISC
2918,p24,BASN
2919,p85,MISS
2920,p87,MISS
2921,p101,FRCC
2922,p9,CANO
2923,p97,SRCA
2924,p111,PJMW
2925,p113,PJMW
2926,p66,MISS
2927,p80,PJMC
2928,p81,MISC
2929,p107,MISC
2930,p43,MISW
2931,p99,PJMD
2932,p109,SRCE
2933,p12,BASN
2934,p2,NWPP
2935,p85,MISS
2936,p87,SRSE
2937,p99,PJMD
2938,p43,MISW
2939,p53,SPPC
2940,p57,SPPS
2941,p127,NYUP
2942,p16,BASN
2943,p63,TRE
2944,p113,PJMW
2945,p98,SRCA
2946,p98,PJMD
2947,p15,BASN
2948,p65,TRE
2949,p63,TRE
2950,p15,BASN
2951,p53,SPPC
2952,p50,SPPS
2953,p123,PJME
2954,p103,MISE
2955,p18,NWPP
2956,p43,MISW
2957,p94,SRSE
2958,p83,MISC
2959,p109,SRCE
2960,p107,MISC
2961,p25,BASN
2962,p45,MISW
2963,p94,SRSE
2964,p109,SRCE
2965,p16,BASN
2967,p45,SPPN
2968,p83,MISC
2969,p54,SPPC
2970,p55,SPPC
2971,p109,SRCE
2972,p33,RMRG
2973,p52,SPPC
2974,p93,SRCE
2975,p45,SPPN
2976,p81,MISC
2977,p103,MISE
2978,p82,MISC
2979,p65,TRE
2980,p60,TRE
2981,p118,PJMW
2982,p87,MISS
2983,p43,MISW
2984,p132,ISNE
2985,p50,SPPS
2986,p46,MISW
2987,p84,MISC
2988,p63,SPPS
2989,p59,SRSG
2990,p122,PJME
2991,p53,SPPC
2992,p17,NWPP
2993,p20,NWPP
2994,p109,SRCE
2995,p54,SPPC
2996,p18,NWPP
2997,p109,SRCE
2998,p94,SRSE
2999,p94,SRSE
3000,p109,SRCE
3001,p17,NWPP
3002,p127,NYUP
3003,p34,RMRG
3004,p105,PJMW
3005,p89,SRSE
3006,p109,SRCE
3007,p37,SPPN
3008,p48,SPPS
3009,p103,MISE
3010,p37,SPPN
3011,p52,SPPC
3012,p60,TRE
3013,p63,TRE
3014,p51,SPPS
3015,p60,TRE
3016,p34,RMRG
3017,p63,TRE
3018,p45,MISW
3019,p96,SRCA
3020,p43,MISW
3021,p109,SRCE
3022,p98,SRCA
3023,p28,SRSG
3024,p96,SRCA
3025,p103,MISE
3026,p65,TRE
3027,p24,RMRG
3028,p109,SRCE
3029,p58,SPPS
3030,p21,BASN
3031,p58,MISS
3032,p46,MISW
3033,p94,SRCE
3034,p94,SRSE
3035,p105,PJMW
3036,p103,MISE
3037,p48,SPPS
3038,p21,BASN
3039,p58,MISS
3040,p96,SRCA
3041,p60,TRE
3042,p34,RMRG
3043,p122,PJME
3044,p72,MISC
3045,p127,NYUP
3046,p48,SPPS
3047,p52,SPPC
3048,p94,SRSE
3049,p43,SPPN
3050,p92,SRCE
3051,p70,MISW
3052,p62,TRE
3053,p92,SRCE
3054,p107,MISC
3055,p87,MISS
3056,p80,PJMC
3057,p101,FRCC
3058,p38,SPPN
3059,p98,SRCA
3060,p34,RMRG
3061,p100,PJMW
3062,p101,FRCC
3063,p103,MISE
3064,p40,SPPN
3065,p75,MISW
3066,p50,SPPS
3067,p127,NYUP
3068,p103,MISE
3069,p15,NWPP
3070,p40,SPPN
3071,p50,SPPS
3072,p99,PJMD
3073,p40,SPPN
3074,p5,NWPP
3075,p127,PJME
3076,p62,TRE
3077,p40,SPPN
3078,p5,NWPP
3079,p32,SPPN
3080,p58,SPPS
3081,p94,SRSE
3082,p103,MISE
3083,p38,SPPN
3084,p89,SRCE
3085,p99,PJMD
3086,p116,PJMW
3087,p96,SRCA
3088,p127,NYUP
3089,p116,PJMW
3090,p50,SPPS
3091,p101,FRCC
3092,p92,SRCE
3093,p61,TRE
3094,p92,SRCE
3095,p33,RMRG
3096,p127,NYUP
3097,p72,MISC
3098,p116,PJMW
3100,p118,PJMW
3101,p72,MISC
3102,p60,TRE
3103,p92,SRCE
3104,p121,PJMW
3105,p45,SPPN
3106,p80,PJMC
3107,p63,MISS
3108,p99,PJMD
3109,p98,SRCA
3110,p5,NWPP
3111,p40,SPPN
3112,p93,SRCE
3113,p40,SPPN
3114,p92,SRCE
3115,p69,MISW
3116,p97,SRCA
3117,p94,SRSE
3118,p1,NWPP
3119,p122,PJME
3120,p116,PJMW
3121,p77,MISW
3122,p64,TRE
3123,p54,SPPC
3124,p58,SPPS
3125,p64,TRE
3126,p2,NWPP
3127,p94,SRSE
3128,p131,ISNE
3129,p87,SRSE
3130,p5,NWPP
3131,p39,SPPN
3132,p40,SPPN
3133,p122,PJME
3134,p92,SRCE
3135,p127,NYUP
3136,p71,MISC
3137,p120,PJMW
3138,p105,MISC
3139,p92,SRCE
3140,p94,SRSE
3141,p43,MISW
3142,p118,PJMW
3143,p1,NWPP
